id,created_at,email,Phone no,Name,Password
810303d6-1eba-479b-81ab-00dc1e58547f,2024-12-25 10:00:00,user1@example.com,9876543210,Vamsi,pass1
0d847685-d9ed-4674-85d8-dc0a5d30a7b8,2024-12-25 10:15:00,user2@example.com,9876543211,Swaroop,pass2
6dae6479-03fb-40c7-b3f5-e98f2fbf9176,2024-12-25 10:30:00,user3@example.com,9876543212,Balaji,pass3
ca158b81-654a-447b-884c-20fcbfcbf43a,2024-12-25 10:45:00,user4@example.com,9876543213,Hemanth Kumar,pass4
a570ba21-7424-4b73-aac3-52447944e133,2024-12-25 11:00:00,user5@example.com,9876543214,Hemanth,pass5
26bee57d-b03e-4a78-abe7-f80c8109fccd,2024-12-25 11:15:00,user6@example.com,9876543215,Pardhu,pass6
4c3a79a5-b26e-4c4e-93f9-7059fec0817e,2024-12-25 11:30:00,user7@example.com,9876543216,Teja,pass7
4a82b450-de35-4a7f-931e-5b9d366e135a,2024-12-25 11:45:00,user8@example.com,9876543217,Ravi,pass8
4b47cbc4-bffd-49dd-8f5b-53d522263c1a,2024-12-25 12:00:00,user9@example.com,9876543218,Srinivas,pass9
e8805566-3a2b-45d6-9e3c-c01f7ca69b70,2024-12-25 12:15:00,user10@example.com,9876543219,Lakshmi Devi,pass10
